Repositorio Institucional CICESE,oai_url,alive,"alive_item ",number_of_items,response_time,checked_url,final_url,probe_used,software,version,Version_Status,disponible en RN,redirect_chain,error_message,"Notas ","Contacto ",Última fecha de actividad
Aggregator of Repositorio Nacional,https://oai-pmh.repositorionacionalcti.mx/resource/oai-pmh,TRUE,TRUE,,1.16,https://oai-pmh.repositorionacionalcti.mx/resource/oai-pmh?verb=Identify,https://oai-pmh.repositorionacionalcti.mx/resource/oai-pmh?verb=Identify,OAI-PMH,Unknown,Unknown,Unknown,FALSE,,,,,Vigente
Repositorio Institucional de INFOTEC,https://infotec.repositorioinstitucional.mx/oai/request,TRUE,TRUE,638,0.31,https://infotec.repositorioinstitucional.mx/oai/request?verb=Identify,https://infotec.repositorioinstitucional.mx/oai/request?verb=Identify,OAI-PMH,DSpace,5.4,Obsolete,TRUE,,,,,Vigente
Repositorio Digital CIDE,https://cide.repositorioinstitucional.mx/oai/request,TRUE,TRUE,947,0.29,https://cide.repositorioinstitucional.mx/oai/request?verb=Identify,https://cide.repositorioinstitucional.mx/oai/request?verb=Identify,OAI-PMH,DSpace,5.4,Obsolete,TRUE,,,,,Vigente
Ameyalli - Repositorio Universitario Especializado en Comunicación Pública de la Ciencia,https://ru.ameyalli.dgdc.unam.mx/oai/request,TRUE,TRUE,19,,https://ru.ameyalli.dgdc.unam.mx/oai/request?verb=Identify,,OAI-PMH,DSpace,6.2,Obsolete,FALSE,,"HTTPSConnectionPool(host='ru.ameyalli.dgdc.unam.mx', port=443): Read timed out. (read timeout=15)",,,Vigente
REPOSITORIO INSTITUCIONAL DEL CIESAS,https://ciesas.repositorioinstitucional.mx/oai/request,TRUE,TRUE,1864,0.33,https://ciesas.repositorioinstitucional.mx/oai/request?verb=Identify,https://ciesas.repositorioinstitucional.mx/oai/request?verb=Identify,OAI-PMH,DSpace,5.4,Obsolete,TRUE,,,,,Vigente
Repositorio Institucional CIATEC,https://ciatec.repositorioinstitucional.mx/oai/request,TRUE,TRUE,224,0.35,https://ciatec.repositorioinstitucional.mx/oai/request?verb=Identify,https://ciatec.repositorioinstitucional.mx/oai/request?verb=Identify,OAI-PMH,DSpace,5.4,Obsolete,FALSE,,,,,Vigente
Repositorio IPICYT,https://ipicyt.repositorioinstitucional.mx/oai/request,TRUE,TRUE,2087,0.3,https://ipicyt.repositorioinstitucional.mx/oai/request?verb=Identify,https://ipicyt.repositorioinstitucional.mx/oai/request?verb=Identify,OAI-PMH,DSpace,5.4,Obsolete,TRUE,,,,,Vigente
Repositorio COLSAN,https://colsan.repositorioinstitucional.mx/oai/request,TRUE,TRUE,1682,0.35,https://colsan.repositorioinstitucional.mx/oai/request?verb=Identify,https://colsan.repositorioinstitucional.mx/oai/request?verb=Identify,OAI-PMH,DSpace,5.4,Obsolete,TRUE,,,,,Vigente
Repositorio Institucional INECOL,https://inecol.repositorioinstitucional.mx/oai/request,TRUE,TRUE,895,0.31,https://inecol.repositorioinstitucional.mx/oai/request?verb=Identify,https://inecol.repositorioinstitucional.mx/oai/request?verb=Identify,OAI-PMH,DSpace,5.4,Obsolete,TRUE,,,,,Vigente
Repositorio Institucional CICY,https://cicy.repositorioinstitucional.mx/oai/request,TRUE,TRUE,3271,0.31,https://cicy.repositorioinstitucional.mx/oai/request?verb=Identify,https://cicy.repositorioinstitucional.mx/oai/request?verb=Identify,OAI-PMH,DSpace,5.4,Obsolete,TRUE,,,,,Vigente
Repositorio MORA,https://mora.repositorioinstitucional.mx/oai/request,TRUE,TRUE,837,0.29,https://mora.repositorioinstitucional.mx/oai/request?verb=Identify,https://mora.repositorioinstitucional.mx/oai/request?verb=Identify,OAI-PMH,DSpace,5.4,Obsolete,TRUE,,,,,Vigente
Aggregator of Repositorio Nacional,https://oai-pmh.repositorionacionalcti.mx/resource/oai-pmh,TRUE,TRUE,,1.12,https://oai-pmh.repositorionacionalcti.mx/resource/oai-pmh?verb=Identify,https://oai-pmh.repositorionacionalcti.mx/resource/oai-pmh?verb=Identify,OAI-PMH,Unknown,Unknown,Unknown,FALSE,,,,,Vigente
Repositorio Institucional del Centro de Investigación en Química Aplicada,https://ciqa.repositorioinstitucional.mx/oai/request,TRUE,TRUE,755,0.28,https://ciqa.repositorioinstitucional.mx/oai/request?verb=Identify,https://ciqa.repositorioinstitucional.mx/oai/request?verb=Identify,OAI-PMH,DSpace,5.4,Obsolete,TRUE,,,,,Vigente
Repositorio Institucional de CIATEJ,https://ciatej.repositorioinstitucional.mx/oai/request,TRUE,FALSE,,0.29,https://ciatej.repositorioinstitucional.mx/oai/request?verb=Identify,https://ciatej.repositorioinstitucional.mx/oai/request?verb=Identify,OAI-PMH,DSpace,5.4,Obsolete,,,,,,Vigente
Repositorio Institucional del INAOE,https://inaoe.repositorioinstitucional.mx/oai/request,TRUE,TRUE,2675,0.31,https://inaoe.repositorioinstitucional.mx/oai/request?verb=Identify,https://inaoe.repositorioinstitucional.mx/oai/request?verb=Identify,OAI-PMH,DSpace,5.4,Obsolete,TRUE,,,,,Vigente
Repositorio Institucional FLACSO México,https://flacso.repositorioinstitucional.mx/oai/request,TRUE,TRUE,481,0.38,https://flacso.repositorioinstitucional.mx/oai/request?verb=Identify,https://flacso.repositorioinstitucional.mx/oai/request?verb=Identify,OAI-PMH,DSpace,5.4,Obsolete,FALSE,,,,,Vigente
COMIMSA,https://comimsa.repositorioinstitucional.mx/oai/request,TRUE,TRUE,382,0.31,https://comimsa.repositorioinstitucional.mx/oai/request?verb=Identify,https://comimsa.repositorioinstitucional.mx/oai/request?verb=Identify,OAI-PMH,DSpace,5.4,Obsolete,FALSE,,,,,Vigente
Fuente de Objetos Científicos Open Access,https://cimav.repositorioinstitucional.mx/oai/request,TRUE,TRUE,2657,0.33,https://cimav.repositorioinstitucional.mx/oai/request?verb=Identify,https://cimav.repositorioinstitucional.mx/oai/request?verb=Identify,OAI-PMH,DSpace,5.4,Obsolete,TRUE,,,,,Vigente
Repositorio Institucional CICESE,https://cicese.repositorioinstitucional.mx/oai/request,TRUE,TRUE,4008,0.3,https://cicese.repositorioinstitucional.mx/oai/request?verb=Identify,https://cicese.repositorioinstitucional.mx/oai/request?verb=Identify,OAI-PMH,DSpace,5.4,Obsolete,FALSE,,,,,Vigente
Repositorio Institucional CIDESI,https://cidesi.repositorioinstitucional.mx/oai/request,TRUE,TRUE,327,0.29,https://cidesi.repositorioinstitucional.mx/oai/request?verb=Identify,https://cidesi.repositorioinstitucional.mx/oai/request?verb=Identify,OAI-PMH,DSpace,5.4,Obsolete,FALSE,,,,,Vigente
REPOSITORIO INSTITUCIONAL CIDETEQ,https://cideteq.repositorioinstitucional.mx/oai/request,TRUE,TRUE,479,0.33,https://cideteq.repositorioinstitucional.mx/oai/request?verb=Identify,https://cideteq.repositorioinstitucional.mx/oai/request?verb=Identify,OAI-PMH,DSpace,5.4,Obsolete,TRUE,,,,,Vigente
Repositorio Institucional CIBNOR,https://cibnor.repositorioinstitucional.mx/oai/request,TRUE,FALSE,,0.29,https://cibnor.repositorioinstitucional.mx/oai/request?verb=Identify,https://cibnor.repositorioinstitucional.mx/oai/request?verb=Identify,OAI-PMH,DSpace,5.4,Obsolete,,,,,,Vigente
Aggregator of Repositorio Nacional,https://oai-pmh.repositorionacionalcti.mx/resource/oai-pmh,TRUE,TRUE,,1.12,https://oai-pmh.repositorionacionalcti.mx/resource/oai-pmh?verb=Identify,https://oai-pmh.repositorionacionalcti.mx/resource/oai-pmh?verb=Identify,OAI-PMH,Unknown,Unknown,Unknown,FALSE,,,,,Vigente
Repositorio Institucional de COLMICH,https://colmich.repositorioinstitucional.mx/oai/request,TRUE,TRUE,1472,0.36,https://colmich.repositorioinstitucional.mx/oai/request?verb=Identify,https://colmich.repositorioinstitucional.mx/oai/request?verb=Identify,OAI-PMH,DSpace,5.4,Obsolete,TRUE,,,,,Vigente
Repositorio Institucional de CENTROGEO,https://centrogeo.repositorioinstitucional.mx/oai/request,TRUE,TRUE,310,0.34,https://centrogeo.repositorioinstitucional.mx/oai/request?verb=Identify,https://centrogeo.repositorioinstitucional.mx/oai/request?verb=Identify,OAI-PMH,DSpace,5.4,Obsolete,FALSE,,,,,Vigente
REPOSITORIO INSTITUCIONAL DEL CIO,https://cio.repositorioinstitucional.mx/oai/request,TRUE,TRUE,1091,0.31,https://cio.repositorioinstitucional.mx/oai/request?verb=Identify,https://cio.repositorioinstitucional.mx/oai/request?verb=Identify,OAI-PMH,DSpace,5.4,Obsolete,TRUE,,,,,Vigente
Repositorio Institucional CIMAT,https://cimat.repositorioinstitucional.mx/oai/request,TRUE,TRUE,1141,0.3,https://cimat.repositorioinstitucional.mx/oai/request?verb=Identify,https://cimat.repositorioinstitucional.mx/oai/request?verb=Identify,OAI-PMH,DSpace,5.4,Obsolete,FALSE,,,,,Vigente
Repositorio Institucional de ECOSUR,https://ecosur.repositorioinstitucional.mx/oai/request,TRUE,TRUE,2720,0.28,https://ecosur.repositorioinstitucional.mx/oai/request?verb=Identify,https://ecosur.repositorioinstitucional.mx/oai/request?verb=Identify,OAI-PMH,DSpace,5.4,Obsolete,TRUE,,,,,Vigente
"Repositorio institucional del CIAD, A.C.",https://ciad.repositorioinstitucional.mx/oai/request,TRUE,TRUE,1363,0.31,https://ciad.repositorioinstitucional.mx/oai/request?verb=Identify,https://ciad.repositorioinstitucional.mx/oai/request?verb=Identify,OAI-PMH,DSpace,5.4,Obsolete,TRUE,,,,,Vigente
Repositorio Institucional de El Colegio de la Frontera Norte,https://colef.repositorioinstitucional.mx/oai/request,TRUE,TRUE,634,0.3,https://colef.repositorioinstitucional.mx/oai/request?verb=Identify,https://colef.repositorioinstitucional.mx/oai/request?verb=Identify,OAI-PMH,DSpace,5.4,Obsolete,FALSE,,,,,Vigente
CIATEQ Digital,https://ciateq.repositorioinstitucional.mx/oai/request,TRUE,TRUE,690,0.38,https://ciateq.repositorioinstitucional.mx/oai/request?verb=Identify,https://ciateq.repositorioinstitucional.mx/oai/request?verb=Identify,OAI-PMH,DSpace,5.4,Obsolete,TRUE,,,,,Vigente
"Ameyalli - Repositorio Universitario Especializado en Comunicación Pública de la Ciencia de la DGDC, UNAM",https://ru.ameyalli.dgdc.unam.mx/oai/request,TRUE,TRUE,19,,https://ru.ameyalli.dgdc.unam.mx/oai/request?verb=Identify,,OAI-PMH,DSpace,6.2,Obsolete,FALSE,,"HTTPSConnectionPool(host='ru.ameyalli.dgdc.unam.mx', port=443): Read timed out. (read timeout=15)",,,Vigente
Athenea Digital FFyL,https://ru.atheneadigital.filos.unam.mx/oai/request,TRUE,TRUE,14602,,https://ru.atheneadigital.filos.unam.mx/oai/request?verb=Identify,,OAI-PMH,DSpace,6.3,Obsolete,FALSE,,"HTTPSConnectionPool(host='ru.atheneadigital.filos.unam.mx', port=443): Max retries exceeded with url: /oai/openaire (Caused by SSLError(SSLCertVerificationError(1, '[SSL: CERTIFICATE_VERIFY_FAILED] certificate verify failed: unable to get local issuer certificate (_ssl.c:1007)')))",,,Vigente
Aggregator of Repositorio Nacional,https://oai-pmh.repositorionacionalcti.mx/resource/oai-pmh,TRUE,TRUE,,1.22,https://oai-pmh.repositorionacionalcti.mx/resource/oai-pmh?verb=Identify,https://oai-pmh.repositorionacionalcti.mx/resource/oai-pmh?verb=Identify,OAI-PMH,Unknown,Unknown,Unknown,FALSE,,,,,Vigente
CIENCIA SINALOA IPN,,FALSE,FALSE,,0.2,,http://www.cienciasinaloa.ipn.mx/oai/request,none,Unknown,Unknown,Unknown,FALSE,,No Identify tag (404),,"1er correo: hgonzalezo@ipn.mx
2do correo: hgocampo@yahoo.com","Desconocido. Inactiva desde el 12/sep/24
https://web.archive.org/web/20240912043251/http://www.cienciasinaloa.ipn.mx/oai/request"
Repositorio Institucional de la Universidad Autónoma de Ciudad Juárez,http://ri.uacj.mx/vufind/OAI/conacyt,TRUE,TRUE,3196,0.2,http://ri.uacj.mx/vufind/OAI/conacyt?verb=Identify,http://ri.uacj.mx/vufind/OAI/conacyt?verb=Identify,OAI-PMH,Unknown,Unknown,Unknown,TRUE,,,,,Vigente
Repositorio Institucional de la Universidad Autónoma de Tamaulipas,https://riuat.uat.edu.mx/oai/conacyt,TRUE,TRUE,543,0.29,https://riuat.uat.edu.mx/oai/conacyt?verb=Identify,https://riuat.uat.edu.mx/oai/conacyt?verb=Identify,OAI-PMH,DSpace,5.6,Obsolete,TRUE,,,,,Vigente
Datos Abiertos en Repositorio LANIA,,FALSE,FALSE,,,,,error,Unknown,Unknown,Unknown,FALSE,,"HTTPConnectionPool(host='repositorio.lania.mx', port=80): Max retries exceeded with url: /oai/conacyt (Caused by ConnectTimeoutError(<urllib3.connection.HTTPConnection object at 0x7e70b8846650>, 'Connection to repositorio.lania.mx timed out. (connect timeout=15)'))",,,Desconocido.
Repositorio Institucional Aramara,http://aramara.uan.mx:8080/oai/conacyt,TRUE,TRUE,830,0.13,http://aramara.uan.mx:8080/oai/conacyt?verb=Identify,http://aramara.uan.mx:8080/oai/conacyt?verb=Identify,OAI-PMH,DSpace,5.5,Obsolete,FALSE,,,,,Vigente
Repositorio del Instituto Nacional de Pediatría,http://repositorio.pediatria.gob.mx:8180/oai/request,FALSE,FALSE,,0.03,http://repositorio.pediatria.gob.mx:8180/oai/request?verb=Identify,http://repositorio.pediatria.gob.mx:8180/oai/request?verb=Identify,OAI-PMH,DSpace,6.1,Obsolete,,,,,,Vigente
Repositorio Institucional de la Universidad de Guanajuato,http://www.repositorio.ugto.mx/oai/public,TRUE,FALSE,,0.05,http://www.repositorio.ugto.mx/oai/public?verb=Identify,http://www.repositorio.ugto.mx/oai/public?verb=Identify,OAI-PMH,DSpace,6,Obsolete,TRUE,,,,,Vigente
Repositorio del Instituto Nacional de Psiquiatría Ramón de la Fuente Muñiz,http://repositorio.inprf.gob.mx/oai/request,FALSE,FALSE,,0.05,http://repositorio.inprf.gob.mx/oai/request?verb=Identify,http://repositorio.inprf.gob.mx/oai/request?verb=Identify,OAI-PMH,DSpace,6,Obsolete,,,,,,Vigente
Repositorio Institucional Caxcán,http://ricaxcan.uaz.edu.mx/oai/conacyt,TRUE,TRUE,2926,0.12,http://ricaxcan.uaz.edu.mx/oai/conacyt?verb=Identify,http://ricaxcan.uaz.edu.mx/oai/conacyt?verb=Identify,OAI-PMH,DSpace,6.4,Obsolete,FALSE,,,,,Vigente
"Repositorio de información académica, científica tecnológica y de innovación RIACTis UANL",http://riacti.uanl.mx/cgi/oai2,TRUE,TRUE,81,0.12,http://riacti.uanl.mx/cgi/oai2?verb=Identify,http://riacti.uanl.mx/cgi/oai2?verb=Identify,OAI-PMH,EPrints,3.3.15,,FALSE,,,,,Vigente
Aggregator of Repositorio Nacional,https://oai-pmh.repositorionacionalcti.mx/resource/oai-pmh,TRUE,TRUE,,1.28,https://oai-pmh.repositorionacionalcti.mx/resource/oai-pmh?verb=Identify,https://oai-pmh.repositorionacionalcti.mx/resource/oai-pmh?verb=Identify,OAI-PMH,Unknown,Unknown,Unknown,FALSE,,,,,Vigente
INSTITUTO NACIONAL DE GERIATRIA,,FALSE,FALSE,,,,,error,Unknown,Unknown,Unknown,FALSE,,"HTTPConnectionPool(host='repositorio.inger.gob.mx', port=80): Read timed out. (read timeout=15)",,,"Desconocido. Inactiva desde el 2/jun/25
https://web.archive.org/web/20250602032659/http://repositorio.inger.gob.mx/oai/request"
COLECCIONES DIGITALES COLMEX,https://repositorio.colmex.mx/conacyt/oai/oai2.php,TRUE,TRUE,2913,0.12,https://repositorio.colmex.mx/conacyt/oai/oai2.php?verb=Identify,https://repositorio.colmex.mx/conacyt/oai/oai2.php?verb=Identify,OAI-PMH,Unknown,Unknown,Unknown,TRUE,,,,,Vigente
MEJORA Y ADECUACIÓN DEL REPOSITORIO INSTITUCIONAL DE LA UNIVERSIDAD AUTÓNOMA DE QUERÉTARO,https://ri-ng.uaq.mx/oai/request,TRUE,FALSE,,,https://ri-ng.uaq.mx/oai/request?verb=Identify,,OAI-PMH,DSpace,6.3,Obsolete,FALSE,,"HTTPConnectionPool(host='ri-ng.uaq.mx', port=80): Max retries exceeded with url: /oai/request (Caused by ConnectTimeoutError(<urllib3.connection.HTTPConnection object at 0x7e70b88d1900>, 'Connection to ri-ng.uaq.mx timed out. (connect timeout=15)'))",,,Vigente
Repositorio Institucional Abierto de Conocimiento en Salud Pública,http://repositorio.insp.mx:8080/oai/request,TRUE,TRUE,985,0.1,http://repositorio.insp.mx:8080/oai/request?verb=Identify,http://repositorio.insp.mx:8080/oai/request?verb=Identify,OAI-PMH,DSpace,6,Obsolete,FALSE,,,,,Vigente
Repositorio Institucional de Acceso Abierto de la Universidad Autónoma del Estado de Morelos,http://riaa.uaem.mx:8080/oai/request,TRUE,TRUE,3681,0.15,http://riaa.uaem.mx:8080/oai/request?verb=Identify,http://riaa.uaem.mx:8080/oai/request?verb=Identify,OAI-PMH,DSpace,6.1,Obsolete,FALSE,,,,,Vigente
Repositorio  Institucional de datos científicos geoespaciales del Centro de Ciencias de la Atmósfera de la UNAM,https://ri.atmosfera.unam.mx:8284/acdm/srv/eng/oaipmh,TRUE,TRUE,126,0.25,https://ri.atmosfera.unam.mx:8284/acdm/srv/eng/oaipmh?verb=Identify,,OAI-PMH,GeoNetwork,Unknown,Unknown,FALSE,302:http://ri.atmosfera.unam.mx:8081/geonetwork/srv/spa/oaipmh → 503:https://ri.atmosfera.unam.mx/cosecha/,No Identify tag (503),,,Vigente
Repositorio CITEDI IPN,,FALSE,FALSE,,,,,error,Unknown,Unknown,Unknown,FALSE,,"HTTPConnectionPool(host='mexculture.citedi.mx', port=80): Max retries exceeded with url: /oai/request (Caused by NewConnectionError('<urllib3.connection.HTTPConnection object at 0x7e70b8847e20>: Failed to establish a new connection: [Errno -2] Name or service not known'))",,,Desconocido.
Repositorio de datos ecológicos,https://repositorio-socioecologia.conahcyt.mx/oai/request,TRUE,TRUE,234,0.11,https://repositorio-socioecologia.conahcyt.mx/oai/request?verb=Identify,,OAI-PMH,DSpace,5.4,Obsolete,FALSE,,No Identify tag (404),,,Vigente
Repositorio del Instituto de Fisiología Celular,,FALSE,FALSE,,,,,error,Unknown,Unknown,Unknown,FALSE,,"HTTPConnectionPool(host='hermes2.ifc.unam.mx', port=80): Max retries exceeded with url: /oai/request (Caused by ConnectTimeoutError(<urllib3.connection.HTTPConnection object at 0x7e70b8845930>, 'Connection to hermes2.ifc.unam.mx timed out. (connect timeout=15)'))",,,Desconocido.
Repositorio del Instituto Nacional de Medicina Genómica,,FALSE,FALSE,,0.08,,https://repositorio.inmegen.gob.mx/oai2d,none,Unknown,Unknown,Unknown,TRUE,,No Identify tag (404),,,-
Aggregator of Repositorio Nacional,https://oai-pmh.repositorionacionalcti.mx/resource/oai-pmh,TRUE,TRUE,,1.25,https://oai-pmh.repositorionacionalcti.mx/resource/oai-pmh?verb=Identify,https://oai-pmh.repositorionacionalcti.mx/resource/oai-pmh?verb=Identify,OAI-PMH,Unknown,Unknown,Unknown,FALSE,,,,,Vigente
"Concentración de Recursos de Información Científica y Académica, UAM Cuajimalpa",http://ilitia.cua.uam.mx:8080/oai/request,TRUE,TRUE,1225,0.16,http://ilitia.cua.uam.mx:8080/oai/request?verb=Identify,http://ilitia.cua.uam.mx:8080/oai/request?verb=Identify,OAI-PMH,DSpace,6.2,Obsolete,TRUE,,,,,Vigente
Repositorio Digital CID-UAAAN,https://repositorio.uaaan.mx/oai/request,TRUE,TRUE,16301,0.17,https://repositorio.uaaan.mx/oai/request?verb=Identify,https://repositorio.uaaan.mx/oai/request?verb=Identify,OAI-PMH,DSpace,6.4,Obsolete,FALSE,,,,,Vigente
"Memoria Institucional CISAN, Repositorio Institucional, UNAM",http://ru.micisan.unam.mx/oai/request,TRUE,TRUE,6860,0.19,http://ru.micisan.unam.mx/oai/request?verb=Identify,https://ru.micisan.unam.mx/oai/request?verb=Identify,OAI-PMH,DSpace,6.3,Obsolete,FALSE,301:http://ru.micisan.unam.mx/oai/request?verb=Identify → 200:https://ru.micisan.unam.mx/oai/request?verb=Identify,,,,Vigente
Repositorio Electronico Institucional de la Universidad Autónoma de Baja California Sur,,FALSE,FALSE,,,,,error,Unknown,Unknown,Unknown,FALSE,,"HTTPConnectionPool(host='rep.uabcs.mx', port=80): Max retries exceeded with url: /oai/request (Caused by ConnectTimeoutError(<urllib3.connection.HTTPConnection object at 0x7e70b8847e80>, 'Connection to rep.uabcs.mx timed out. (connect timeout=15)'))",,,Desconocido
Repositorio Institucional COLSON,https://repositorio.colson.edu.mx/server/oai/request,TRUE,TRUE,1564,,https://repositorio.colson.edu.mx/server/oai/request?verb=Identify,,OAI-PMH,DSpace,7.6.2,Recent,FALSE,,"HTTPSConnectionPool(host='repositorio.colson.edu.mx', port=443): Max retries exceeded with url: /oai/conacyt (Caused by NewConnectionError('<urllib3.connection.HTTPSConnection object at 0x7e70b8846d70>: Failed to establish a new connection: [Errno -5] No address associated with hostname'))",,,Vigente
"Repositorio Institucional de Acceso Abierto de Información Científica, Tecnológica y de Innovación del INEEL",,FALSE,FALSE,,,,,error,Unknown,Unknown,Unknown,FALSE,,"HTTPConnectionPool(host='repositorio.ineel.mx', port=80): Max retries exceeded with url: /oai/request (Caused by ConnectTimeoutError(<urllib3.connection.HTTPConnection object at 0x7e70b8847490>, 'Connection to repositorio.ineel.mx timed out. (connect timeout=15)'))",,,Desconocido
XOGI REPOSITORIO INSTITUCIONAL UAM LERMA,https://xogi.ler.uam.mx:8080/server/oai/request,TRUE,TRUE,231,0.36,https://xogi.ler.uam.mx:8080/server/oai/request?verb=Identify,https://xogi.ler.uam.mx:8080/server/oai/request?verb=Identify,OAI-PMH,Unknown,Unknown,Unknown,TRUE,,,,,Vigente
Repositorio Institucional de Ciencia Abierta - Runacar,,FALSE,FALSE,,,,,error,Unknown,Unknown,Unknown,FALSE,,"HTTPConnectionPool(host='www.repositorio.unacar.mx', port=80): Max retries exceeded with url: /oai/conacyt (Caused by NewConnectionError('<urllib3.connection.HTTPConnection object at 0x7e70b88474f0>: Failed to establish a new connection: [Errno -3] Temporary failure in name resolution'))",,,Desconocido
COLPOS DIGITAL,http://colposdigital.colpos.mx:8080/oai/conacyt,TRUE,TRUE,3119,0.15,http://colposdigital.colpos.mx:8080/oai/conacyt?verb=Identify,http://colposdigital.colpos.mx:8080/oai/conacyt?verb=Identify,OAI-PMH,DSpace,6.4,Obsolete,FALSE,,,,,Vigente
Repositorio Institucional de Clima Espacial,,FALSE,FALSE,,0.05,,http://www.rice.unam.mx:8080/oai,none,Unknown,Unknown,Unknown,FALSE,,No Identify tag (404),,,"Desconocido. Inactiva desde el 12/sep/24
https://web.archive.org/web/20240912043251/http://www.cienciasinaloa.ipn.mx/oai/request"
Aggregator of Repositorio Nacional,https://oai-pmh.repositorionacionalcti.mx/resource/oai-pmh,TRUE,TRUE,,1.19,https://oai-pmh.repositorionacionalcti.mx/resource/oai-pmh?verb=Identify,https://oai-pmh.repositorionacionalcti.mx/resource/oai-pmh?verb=Identify,OAI-PMH,Unknown,Unknown,Unknown,FALSE,,,,,Vigente
Repositorio Institucional de Datos y Software de Investigación del CIMMYT,https://openaire.cimmyt.org/oai/,TRUE,FALSE,,,https://openaire.cimmyt.org/oai/?verb=Identify,,OAI-PMH,Drupal,8,Obsolete,TRUE,,missing oai_url,,,Vigente
Repositorio Institucional de Investigación de la Universidad Tecnológica del Centro de Veracruz,,FALSE,FALSE,,,,,error,Unknown,Unknown,Unknown,FALSE,,"HTTPConnectionPool(host='reini.utcv.edu.mx', port=80): Max retries exceeded with url: /oai/request (Caused by NewConnectionError('<urllib3.connection.HTTPConnection object at 0x7e70b8847790>: Failed to establish a new connection: [Errno 113] No route to host'))",,,"Inactiva desde: 18/ May/2024
https://web.archive.org/web/20240518232503/http://reini.utcv.edu.mx/"
REPOSITORIO INSTITUCIONAL DE LA UAEM,https://ri.uaemex.mx/oai/request,FALSE,FALSE,,,https://ri.uaemex.mx/oai/request?verb=Identify,,OAI-PMH,DSpace,5.4,Obsolete,,,"HTTPConnectionPool(host='ri.uaemex.mx', port=80): Max retries exceeded with url: /oai/conacyt (Caused by ConnectTimeoutError(<urllib3.connection.HTTPConnection object at 0x7e70b88d1810>, 'Connection to ri.uaemex.mx timed out. (connect timeout=15)'))",,,Vigente
Repositorio del Instituto de Química,http://rdu.iquimica.unam.mx/oai/public,TRUE,FALSE,,0.09,http://rdu.iquimica.unam.mx/oai/public?verb=Identify,http://rdu.iquimica.unam.mx/oai/public?verb=Identify,OAI-PMH,DSpace,6,Obsolete,FALSE,,,,,Vigente
Repositorio Institucional UDLAP: POHUA,http://repositorio.udlap.mx/oai/conacyt,FALSE,FALSE,,0.17,http://repositorio.udlap.mx/oai/conacyt?verb=Identify,http://repositorio.udlap.mx/oai/conacyt?verb=Identify,OAI-PMH,DSpace,6.4,Obsolete,,,,,,-
Repositorio Institucional de la Universidad Autónoma de Chiapas,,FALSE,FALSE,,,,,error,Unknown,Unknown,Unknown,FALSE,,"HTTPConnectionPool(host='repositorio.unach.mx', port=8080): Max retries exceeded with url: /oai/request (Caused by ConnectTimeoutError(<urllib3.connection.HTTPConnection object at 0x7e70b8846ec0>, 'Connection to repositorio.unach.mx timed out. (connect timeout=15)'))",,,"Desconocido. Inactiva desde el 12/sep/24
https://web.archive.org/web/20240912005841/http://repositorio.unach.mx:8080/oai/request"
Repositorio institucional de la Universidad de Colima,,FALSE,FALSE,,,,,error,Unknown,Unknown,Unknown,TRUE,,"HTTPConnectionPool(host='biblos.ucol.mx', port=80): Max retries exceeded with url: /oai/conacyt (Caused by ConnectTimeoutError(<urllib3.connection.HTTPConnection object at 0x7e70b88d1360>, 'Connection to biblos.ucol.mx timed out. (connect timeout=15)'))",,,"Desconocido. "
Repositorio Institucional de Publicaciones Multimedia del CIMMYT,https://openaire.cimmyt.org:443/oai/,TRUE,FALSE,,0.27,https://openaire.cimmyt.org:443/oai?verb=Identify,https://openaire.cimmyt.org:443/oai?verb=Identify,OAI-PMH,Drupal,8,Obsolete,TRUE,,,,,Vigente
Repositorio Institucional de la Universidad Juárez Autónoma de Tabasco,https://ri.ujat.mx/server/oai/request,TRUE,TRUE,4642,,https://ri.ujat.mx/server/oai/request?verb=Identify,,OAI-PMH,DSpace,9.1,Recent,FALSE,,"HTTPSConnectionPool(host='ri.ujat.mx', port=443): Max retries exceeded with url: /oai/request (Caused by SSLError(SSLCertVerificationError(1, '[SSL: CERTIFICATE_VERIFY_FAILED] certificate verify failed: certificate has expired (_ssl.c:1007)')))",,,Vigente
Repositorio de datos del Servicio Sismológico Nacional,http://rigeofisica.ssn.unam.mx/oai/request,TRUE,TRUE,26788,0.04,http://rigeofisica.ssn.unam.mx/oai/request?verb=Identify,http://rigeofisica.ssn.unam.mx/oai/request?verb=Identify,OAI-PMH,DSpace,6.2,Obsolete,TRUE,,,,,Vigente
Aggregator of Repositorio Nacional,https://oai-pmh.repositorionacionalcti.mx/resource/oai-pmh,TRUE,TRUE,,1.17,https://oai-pmh.repositorionacionalcti.mx/resource/oai-pmh?verb=Identify,https://oai-pmh.repositorionacionalcti.mx/resource/oai-pmh?verb=Identify,OAI-PMH,Unknown,Unknown,Unknown,FALSE,,,,,Vigente
Repositorio Institucional del Centro de Ciencias de la Atmósfera de la UNAM,https://ri.atmosfera.unam.mx:8284/acdm/srv/eng/oaipmh,TRUE,TRUE,126,0.35,https://ri.atmosfera.unam.mx:8284/acdm/srv/eng/oaipmh?verb=Identify,,OAI-PMH,GeoNetwork,Unknown,Unknown,FALSE,302:http://ri.atmosfera.unam.mx:8081/geonetwork/srv/spa/oaipmh → 503:https://ri.atmosfera.unam.mx/cosecha/,No Identify tag (503),,,Vigente
Repositorio Digital Institucional de la Universidad Autónoma de Yucatán,http://redi.uady.mx/oai/openaire,TRUE,TRUE,1600,0.2,http://redi.uady.mx/oai/openaire?verb=Identify,http://redi.uady.mx/oai/openaire?verb=Identify,OAI-PMH,DSpace,5.6,Obsolete,TRUE,,,,,Vigente
Repositorio institucional del IMTA,,FALSE,FALSE,,0.15,,http://repositorio.imta.mx/oai/request,none,DSpace,6.2,Obsolete,TRUE,,No Identify tag (404),,,"Desconocido. Inactiva desde el 12/sep/24
https://web.archive.org/web/20240912010907/http://repositorio.imta.mx/oai/request"
Repositorio Institucional del Instituto de Investigaciones Bibliotecológicas y de la Información de la Universidad Nacional Autónoma de México,https://ru.iibi.unam.mx/oai/request,TRUE,TRUE,3704,,https://ru.iibi.unam.mx/oai/request?verb=Identify,,OAI-PMH,DSpace,6.3,Obsolete,FALSE,,"HTTPSConnectionPool(host='ru.iibi.unam.mx', port=443): Max retries exceeded with url: /oai/openaire (Caused by SSLError(SSLCertVerificationError(1, '[SSL: CERTIFICATE_VERIFY_FAILED] certificate verify failed: unable to get local issuer certificate (_ssl.c:1007)')))",,,Vigente
Repositorio Institucional de la Universidad Autónoma Metropolitana Unidad Iztapalapa,http://bindani.izt.uam.mx/catalog/oai,TRUE,TRUE,12677,0.58,http://bindani.izt.uam.mx/catalog/oai?verb=Identify,https://bindani.izt.uam.mx/catalog/oai?verb=Identify,OAI-PMH,Unknown,Unknown,Unknown,FALSE,301:http://bindani.izt.uam.mx/catalog/oai?verb=Identify → 200:https://bindani.izt.uam.mx/catalog/oai?verb=Identify,,,,Vigente
Repositorio Institucional del Instituto de Investigaciones sobre la Universidad y la Educación,,FALSE,FALSE,,,,,error,Unknown,Unknown,Unknown,TRUE,,"HTTPConnectionPool(host='132.248.192.241', port=8080): Read timed out. (read timeout=15)",,,"Desconocido. Inactiva desde el 12/sep/24
https://web.archive.org/web/20240912040023/http://132.248.192.241:8080/oai/request"
Repositorio Institucional del Instituto de Investigaciones en Matemáticas Aplicadas y en Sistemas,http://www.riimas.unam.mx/oai/request,TRUE,TRUE,42,0.09,http://www.riimas.unam.mx/oai/request?verb=Identify,http://www.riimas.unam.mx/oai/request?verb=Identify,OAI-PMH,Unknown,Unknown,Unknown,TRUE,,,,,Vigente
REPOSITORIO INSTITUCIONAL DE CONOCIMIENTO GENÓMICO,http://132.248.34.155:8088/oai/provider,TRUE,TRUE,7432,0.02,http://132.248.34.155:8088/oai/provider?verb=Identify,http://132.248.34.155:8088/oai/provider?verb=Identify,OAI-PMH,Unknown,Unknown,Unknown,FALSE,,,,,Vigente
Repositorio Institucional del Tecnológico de Monterrey,https://repositorio.tec.mx/server/oai/request,TRUE,TRUE,85026,0.29,https://repositorio.tec.mx/server/oai/request?verb=Identify,,OAI-PMH,DSpace,8,Recent,TRUE,,No Identify tag (403),,,Vigente
Repositorio de Recursos Geotérmicos para México,http://rigeotermia.geofisica.unam.mx/oai/request,TRUE,TRUE,6196,0.1,http://rigeotermia.geofisica.unam.mx/oai/request?verb=Identify,http://rigeotermia.geofisica.unam.mx/oai/request?verb=Identify,OAI-PMH,DSpace,6.3,Obsolete,FALSE,,,,,Vigente
Aggregator of Repositorio Nacional,https://oai-pmh.repositorionacionalcti.mx/resource/oai-pmh,TRUE,TRUE,,1.19,https://oai-pmh.repositorionacionalcti.mx/resource/oai-pmh?verb=Identify,https://oai-pmh.repositorionacionalcti.mx/resource/oai-pmh?verb=Identify,OAI-PMH,Unknown,Unknown,Unknown,FALSE,,,,,Vigente
Repositorio Institucional NINIVE,https://ninive.uaslp.mx/oai/request,TRUE,TRUE,5263,,https://ninive.uaslp.mx/oai/request?verb=Identify,,OAI-PMH,DSpace,6.4,Obsolete,TRUE,,"HTTPConnectionPool(host='ninive.uaslp.mx', port=80): Max retries exceeded with url: /oai/conacyt (Caused by ConnectTimeoutError(<urllib3.connection.HTTPConnection object at 0x7e70b88d03a0>, 'Connection to ninive.uaslp.mx timed out. (connect timeout=15)'))",,,Vigente
Repositorio universitario de prosa científica y de divulgación de la Facultad de Estudios Superiores Iztacala,https://ru.iztacala.unam.mx/oai-pmh-repository/request,TRUE,TRUE,50,0.14,https://ru.iztacala.unam.mx/oai-pmh-repository/request?verb=Identify,https://ru.iztacala.unam.mx/oai-pmh-repository/request?verb=Identify,OAI-PMH,Unknown,Unknown,Unknown,FALSE,,,,,Vigente
Repositorio Institucional RUTIC,https://repositorio.tic.unam.mx/oai/request,TRUE,TRUE,512,,https://repositorio.tic.unam.mx/oai/request?verb=Identify,,OAI-PMH,DSpace,6.3,Obsolete,FALSE,,"HTTPSConnectionPool(host='ru.tic.unam.mx', port=443): Max retries exceeded with url: /oai/conacyt (Caused by SSLError(SSLCertVerificationError(1, '[SSL: CERTIFICATE_VERIFY_FAILED] certificate verify failed: certificate has expired (_ssl.c:1007)')))",,,Vigente
REPOSITORIO INSTITUCIONAL SCRIPTA DE LA UNIVERSIDAD PANAMERICANA,https://scripta.up.edu.mx/server/oai/request,TRUE,FALSE,,1.33,https://scripta.up.edu.mx/server/oai/request?verb=Identify,,OAI-PMH,DSpace,7.6.1,Recent,FALSE,,No Identify tag (404),,,Vigente
Repositorio Institucional SISBIUQROO,https://risisbi.uqroo.mx/server/oai/request,TRUE,TRUE,4614,1.15,https://risisbi.uqroo.mx/server/oai/request?verb=Identify,,OAI-PMH,DSpace,9.1,Recent,FALSE,301:http://risisbi.uqroo.mx/oai/conacyt → 404:https://risisbi.uqroo.mx/oai/conacyt,No Identify tag (404),,,Vigente
Repositorio Institucional UnADM,http://www.repositorio.unadmexico.mx:8080/oai/request,TRUE,TRUE,237,,http://www.repositorio.unadmexico.mx:8080/oai/request?verb=Identify,,OAI-PMH,DSpace,6.3,Obsolete,FALSE,,"HTTPConnectionPool(host='www.repositorio.unadmexico.mx', port=8080): Read timed out. (read timeout=15)",,,Vigente
"Repositorio de acceso abierto a la información científica, tecnológica y de innovación del centro de biotecnología genómica del IPN: Doctorado en Ciencias en Biotecnología en Red del IPN",http://rdcb.cbg.ipn.mx/oai/public,TRUE,FALSE,,0.23,http://rdcb.cbg.ipn.mx/oai/public?verb=Identify,http://rdcb.cbg.ipn.mx/oai/public?verb=Identify,OAI-PMH,DSpace,6,Obsolete,FALSE,,,,,Vigente
Repositorio Institucional de la Universidad Michoacana de San Nicolás de Hidalgo,http://bibliotecavirtual.dgb.umich.mx:8083/oai/request,FALSE,FALSE,,0.13,http://bibliotecavirtual.dgb.umich.mx:8083/oai/request?verb=Identify,http://bibliotecavirtual.dgb.umich.mx:8083/oai/request?verb=Identify,OAI-PMH,DSpace,6.2,Obsolete,TRUE,,,,,Vigente
Repositorio Institucional de Acceso Abierto RIAA-BUAP,https://repositorioinstitucional.buap.mx/oai/conacyt,TRUE,TRUE,10309,0.33,https://repositorioinstitucional.buap.mx/oai/conacyt?verb=Identify,https://repositorioinstitucional.buap.mx/server/oai/conacyt?verb=Identify,OAI-PMH,DSpace,7.6,Recent,FALSE,301:https://repositorioinstitucional.buap.mx/oai/conacyt?verb=Identify → 200:https://repositorioinstitucional.buap.mx/server/oai/conacyt?verb=Identify,,,,Vigente
Repositorio Institucional UNISON,,FALSE,FALSE,,,,,error,Unknown,Unknown,Unknown,,,"HTTPConnectionPool(host='www.repositorioinstitucional.uson.mx', port=80): Read timed out. (read timeout=15)",,,"Desconocido. Inactiva desde el 12/sep/24
https://web.archive.org/web/20240912044035/http://www.repositorioinstitucional.uson.mx/oai/conacyt"
Aggregator of Repositorio Nacional,https://oai-pmh.repositorionacionalcti.mx/resource/oai-pmh,TRUE,TRUE,,1.16,https://oai-pmh.repositorionacionalcti.mx/resource/oai-pmh?verb=Identify,https://oai-pmh.repositorionacionalcti.mx/resource/oai-pmh?verb=Identify,OAI-PMH,Unknown,Unknown,Unknown,FALSE,,,,,Vigente
Repositorio Institucional Universidad Iberoamericana Ciudad de México,https://ri.ibero.mx/oai/request,TRUE,TRUE,5383,,https://ri.ibero.mx/oai/request?verb=Identify,,OAI-PMH,DSpace,6.2,Obsolete,FALSE,,"HTTPSConnectionPool(host='ri.ibero.mx', port=443): Max retries exceeded with url: /oai/conacyt (Caused by SSLError(SSLCertVerificationError(1, '[SSL: CERTIFICATE_VERIFY_FAILED] certificate verify failed: unable to get local issuer certificate (_ssl.c:1007)')))",,,Vigente
Repositorio Institucional de Ciencia Abierta de la Universidad Autónoma de Guerrero,http://ri.uagro.mx/oai/conacyt,TRUE,TRUE,1718,0.12,http://ri.uagro.mx/oai/conacyt,http://ri.uagro.mx/oai/conacyt,OAI-PMH,DSpace,6.3,Obsolete,TRUE,,,,,Vigente
Repositorio Institucional de Literatura del IPN-CIIDIR Unidad Oaxaca,http://literatura.ciidiroaxaca.ipn.mx/oai/request,TRUE,TRUE,625,0.05,http://literatura.ciidiroaxaca.ipn.mx/oai/request?verb=Identify,http://literatura.ciidiroaxaca.ipn.mx/oai/request?verb=Identify,OAI-PMH,DSpace,6.2,Obsolete,FALSE,,,,,Vigente
Repositorio Institucional de Colecciones Científicas del IPN-CIIDIR Unidad Oaxaca,http://colecciones.ciidiroaxaca.ipn.mx/oai/request,TRUE,TRUE,376,0.05,http://colecciones.ciidiroaxaca.ipn.mx/oai/request?verb=Identify,http://colecciones.ciidiroaxaca.ipn.mx/oai/request?verb=Identify,OAI-PMH,DSpace,6.2,Obsolete,FALSE,,,,,Vigente
Repositorio Institucional Zaloamati,https://zaloamati.azc.uam.mx/server/oai/request,TRUE,TRUE,11945,0.56,https://zaloamati.azc.uam.mx/server/oai/request?verb=Identify,,OAI-PMH,DSpace,8,Recent,TRUE,301:http://zaloamati.azc.uam.mx/oai/conacyt → 301:https://zaloamati.azc.uam.mx/oai/conacyt → 500:https://zaloamati.azc.uam.mx/server/oai/conacyt,No Identify tag (500),,,Vigente
Repositorio Institucional UTM,http://repositorio.utm.mx/oai/conacyt,TRUE,TRUE,378,0.15,http://repositorio.utm.mx/oai/conacyt?verb=Identify,http://repositorio.utm.mx/oai/conacyt?verb=Identify,OAI-PMH,DSpace,6.4,Obsolete,FALSE,,,,,Vigente
Repositorio Institucional Históricas-UNAM,https://ru.historicas.unam.mx/oai/conacyt,TRUE,TRUE,3822,0.19,https://ru.historicas.unam.mx/oai/conacyt?verb=Identify,https://ru.historicas.unam.mx/oai/conacyt?verb=Identify,OAI-PMH,DSpace,6.4,Obsolete,FALSE,,,,,Vigente
"Repositorio Institucional de la Facultad de Medicina,UNAM.Departamento de Microbiologia y Parasitologia",http://ru.facmed.unam.mx/oai/openaire,TRUE,TRUE,0,0.12,http://ru.facmed.unam.mx/oai/openaire?verb=Identify,https://ru.facmed.unam.mx/oai/openaire?verb=Identify,OAI-PMH,DSpace,6.4,Obsolete,FALSE,302:http://ru.facmed.unam.mx/oai/openaire?verb=Identify → 200:https://ru.facmed.unam.mx/oai/openaire?verb=Identify,,El repositorio esta habilitado pero no cuenta con ningun item,,Vigente
Repositorio Nacional,https://conahcyt.repositorioinstitucional.mx/oai/request,TRUE,TRUE,16,,https://conahcyt.repositorioinstitucional.mx/oai/request?verb=Identify,,OAI-PMH,DSpace,5.4,Obsolete,FALSE,,"HTTPSConnectionPool(host='conacyt.repositorioinstitucional.mx', port=443): Max retries exceeded with url: /oai/request (Caused by NewConnectionError('<urllib3.connection.HTTPSConnection object at 0x7e70b8845930>: Failed to establish a new connection: [Errno -2] Name or service not known'))",,,Vigente
Repositorio UNINMAR del Instituto de Ciencias del Mar y Limnología,https://metadata.icmyl.unam.mx/oai/request,TRUE,FALSE,,,https://metadata.icmyl.unam.mx/oai/request?verb=Identify,,OAI-PMH,DSpace,6.3,Obsolete,FALSE,,"HTTPSConnectionPool(host='metadata.icmyl.unam.mx', port=443): Max retries exceeded with url: /oai/request (Caused by SSLError(SSLCertVerificationError(1, '[SSL: CERTIFICATE_VERIFY_FAILED] certificate verify failed: unable to get local issuer certificate (_ssl.c:1007)')))",,,Vigente
Aggregator of Repositorio Nacional,https://oai-pmh.repositorionacionalcti.mx/resource/oai-pmh,TRUE,TRUE,,1.09,https://oai-pmh.repositorionacionalcti.mx/resource/oai-pmh?verb=Identify,https://oai-pmh.repositorionacionalcti.mx/resource/oai-pmh?verb=Identify,OAI-PMH,Unknown,Unknown,Unknown,FALSE,,,,,Vigente
REPOSITORIO UPIICSA IPN,,FALSE,FALSE,,,,,error,DSpace,5.0.6,Obsolete,,,"HTTPConnectionPool(host='repositorio.upiicsa.ipn.mx', port=80): Max retries exceeded with url: /oai/request (Caused by ConnectTimeoutError(<urllib3.connection.HTTPConnection object at 0x7e70b88d2320>, 'Connection to repositorio.upiicsa.ipn.mx timed out. (connect timeout=15)'))",,,"Inactiva desde: 30/Jun/2019
https://web.archive.org/web/20190730223618/http://repositorio.upiicsa.ipn.mx/"
REPOSITORIO INSTITUCIONAL DEL TECNOLÓGICO NACIONAL DE MÉXICO,https://rinacional.tecnm.mx/oai/conacyt,TRUE,TRUE,2550,0.38,https://rinacional.tecnm.mx/oai/conacyt?verb=Identify,https://rinacional.tecnm.mx/oai/conacyt?verb=Identify,OAI-PMH,DSpace,6.3,Obsolete,FALSE,,,,,Vigente
RI-UPPue: repositorio institucional de la Universidad Politécnica de Puebla,http://repositorio.uppuebla.edu.mx:8080/oai/request,TRUE,TRUE,361,,http://repositorio.uppuebla.edu.mx:8080/oai/request?verb=Identify,,OAI-PMH,DSpace,6.2,Obsolete,FALSE,,"HTTPConnectionPool(host='187.216.227.29', port=8080): Max retries exceeded with url: /oai/conacyt (Caused by NewConnectionError('<urllib3.connection.HTTPConnection object at 0x7e70b8846980>: Failed to establish a new connection: [Errno 111] Connection refused'))",,,Vigente
Repositorio de la Facultad de Ciencias UNAM,http://uniciencias.fciencias.unam.mx/oai/request,TRUE,TRUE,0,0.08,http://uniciencias.fciencias.unam.mx/oai/request?verb=Identify,http://uniciencias.fciencias.unam.mx/oai/request?verb=Identify,OAI-PMH,DSpace,6.3,Obsolete,FALSE,,,,,Vigente
Repositorio Institucional UNICACH,https://repositorio.unicach.mx/oai/conacyt,TRUE,TRUE,100,0.22,https://repositorio.unicach.mx/oai/conacyt?verb=Identify,https://repositorio.unicach.mx/oai/conacyt?verb=Identify,OAI-PMH,DSpace,6.3,Obsolete,FALSE,,,,,"Inactiva desde: 30/Jun/2019
https://web.archive.org/web/20190730223618/http://repositorio.upiicsa.ipn.mx/"
Cenotes de Yucatan,https://cenoteando.org/oai/request,TRUE,TRUE,,0.43,https://cenoteando.org/oai/request?verb=Identify,https://cenoteando.org/oai/request?verb=Identify,OAI-PMH,Unknown,Unknown,Unknown,TRUE,,,,,Vigente
Repositorio de Literatura del Servicio Sismológico Nacional,http://rigeofisica.ssn.unam.mx/oai/literatura,TRUE,TRUE,23,0.02,http://rigeofisica.ssn.unam.mx/oai/literatura?verb=Identify,http://rigeofisica.ssn.unam.mx/oai/literatura?verb=Identify,OAI-PMH,DSpace,6.2,Obsolete,FALSE,,,,,Vigente
XPLORA,http://rixplora.upn.mx/oai/request,TRUE,TRUE,44231,,http://rixplora.upn.mx/oai/request?verb=Identify,,OAI-PMH,DSpace,5,Obsolete,FALSE,,"HTTPConnectionPool(host='bgtq.ajusco.upn.mx', port=8080): Max retries exceeded with url: /oai/request (Caused by NewConnectionError('<urllib3.connection.HTTPConnection object at 0x7e70b88462c0>: Failed to establish a new connection: [Errno -2] Name or service not known'))",,,Vigente
,,,,333831,,,,,,,,,,,,,